full_name,address
Caleb Schuppe,247 Rocio Island
Barry Goyette,342 Hackett Mall
Charles Davis,2043 Gerardo Flat
Lela Rutherford,479 Gayle Grove
Gwen O'Conner,5708 Ullrich Mount
Lorraine Witting,97703 Roberto Mews
Ramona Mertz IV,999 Smith Isle
Jennifer Marvin,8427 Predovic Expressway
Marlon Langosh,58520 Buckridge Expressway
Jerome Corkery,30431 Yasmeen Summit
Valerie Krajcik,8436 Clement Avenue
Margaret Stark,72967 Emmerich Burgs
Randolph Runolfsson,09486 Cassidy Trail
Ms. Woodrow Gulgowski,616 Hane Springs
Kyle Pfeffer PhD,75886 Robert Haven
Orville Terry,364 Litzy Radial
Mr. Opal Green,51565 Collins Ranch
Jermaine Ward,33799 Ryder Bridge
Mr. Yvette Bins,37034 Efrain Square
Krystal Mertz,2294 Santa Locks
Marc Heathcote DDS,967 Koelpin Divide
Anna Hudson,1063 Esmeralda Trail
Duane Goodwin,196 Margaret Keys
Wanda Dickinson Sr.,543 Ryan Road
Josh Lynch PhD,20151 Rath Island
Luz Stiedemann,4249 Astrid Station
Winston Carter,48226 O'Hara Spring
Matthew Beer,96529 Schulist Branch
Maria Grimes,9935 Beryl Hollow
Laverne Fay,3481 Lakin Passage
Ismael Green,22457 Toy Stream
Cecil Stoltenberg DDS,207 Sean Lodge
Dolores Schmidt,770 Adella Place
Erik D'Amore,143 Brenna Neck
Bertha Parisian Sr.,78028 Marks Plain
Gloria Kuphal,2639 Zena Springs
Conrad Hayes,0880 Schuster Common
May Wilkinson,76417 Moore Squares
Miss Cedric Douglas,625 Hermann Rapids
Seth Graham,447 Rempel Causeway
Marsha Hahn,98624 Stoltenberg Oval
Kristin Gibson,43337 Timmothy Manors
Jeanne Sawayn,0078 Dwight Trail
Cory Baumbach,2040 Alycia Creek
Ann Predovic,6036 Beatty Way
Miss Anne Huel,8725 Gilberto Pines
Johnny Doyle,55488 Schimmel Forks
Edith Ankunding,01585 Bins Keys
Rosemarie Jones III,53616 Little Oval
Lorena Thiel,27353 Afton Glens
Mrs. Georgia Hickle,141 Fritsch Ridge
Elmer Aufderhar,038 McDermott Manors
Renee Kiehn,7362 Kariane Pike
Mae Anderson,88521 Anderson Inlet
Domingo Nitzsche,58309 Stokes Creek
Nelson Farrell,82583 Will Extensions
Dr. Charlene Torp,6087 Rowe Junction
Lucy Simonis,275 Grover Stravenue
Timmy Kozey,2823 Haley Islands
Constance McClure,53552 Rogahn Summit
Allison Torphy MD,8039 Runolfsson Groves
Wilbert Gerhold,5107 Purdy Mill
Mrs. Albert Little,623 Heber Road
Hope Dicki,4237 Alene Mountain
Dianne Olson,952 Shayna Crossroad
Mr. Eloise Lesch,1008 Meggie Row
Marta Paucek,4703 Hadley View
Velma Hauck II,848 Alexane Oval
Christy Kris,1781 Nitzsche Route
Martin Bartell,7106 Constance Pike
Sharon Vandervort,2902 Melyssa Trace
Ginger Koelpin,202 Kihn Motorway
Ms. Sonja Barrows,9802 Abernathy Camp
Myron Tillman,835 Little Branch
Bernadette Torphy,572 Joaquin Land
Sonya West,74072 Muller Coves
Randal Lynch,04192 Carlie Coves
Pamela Willms IV,892 Gulgowski Loaf
Mrs. Glen Abshire,3011 Gutmann Port
Carl Considine DDS,2141 Cornell Mall
Eduardo Lind,359 Greenfelder Mountain
Mamie Mann,96597 Ritchie Pine
Megan Stamm,828 Bernhard Shoal
Donna Mraz,38685 Grimes Island
Dr. Joanna Bayer,4783 Titus Gardens
Judith Steuber,429 Koby Estate
Dwayne Connelly,69905 Rosemary Ranch
Dr. Ellen Mertz,91637 Gleichner Gardens
Becky Towne DVM,679 Jarvis Manors
Annie Hammes,990 Gerson Locks
Jamie Jakubowski,026 Dare Manors
Mr. Johanna O'Keefe,354 Lehner Ramp
Ms. Marvin Prohaska,142 Auer Fort
Robin Prosacco,35883 Louie Ranch
Jackie Schaefer V,6078 Deion Gateway
Terrance Wuckert DDS,393 Stroman Road
Horace O'Keefe,6578 Nora Junction
Don Rosenbaum,99820 Leannon Loop
Hope Morissette,084 Berge Run
Sherman Beer,4565 Malcolm Trace
Ryan Botsford,30483 Turcotte Key
Oliver Labadie,777 Nitzsche Springs
Larry Lehner DVM,2787 Fisher Lakes
Dr. Esther VonRueden,08672 Vandervort Brooks
Yolanda Smitham,309 Michelle Ferry
Evelyn Wyman,9414 Aileen Park
Roberto Reynolds,8429 Ofelia Underpass
Lucas VonRueden,84841 Cummings Garden
Ms. Erick Abernathy,7617 Leannon Vista
Mr. Leslie Bechtelar,208 Bertha Knolls
Bessie Mante,7685 Wyatt Lock
Carlton Larson,961 Cale Ports
Claire Ratke PhD,2020 Donnelly Canyon
Dale Oberbrunner,1040 Leif Crossroad
Alice Hand,236 Strosin Overpass
Edwin Okuneva,664 Goldner Parks
Marion Goyette,7776 Libbie Burgs
Joanna Parker PhD,491 Alivia Ranch
Marcella Langworth,15066 Savanah Crossing
Mrs. Mario Christiansen,68060 Blanda Neck
Lorraine Cormier,90288 Funk Spur
Kimberly Zulauf,71107 Roscoe Valleys
Mrs. Anita Olson,747 Hillary Pine
Beverly Schumm,5882 Carter Canyon
Randall Wiza I,021 Gillian Crest
Toni Sauer,68239 Gillian Rest
Andy Trantow,222 Tremblay Extension
Mr. Gerald Toy,8961 Renner Knoll
Garry Treutel,87688 Elinor Summit
Cody Kertzmann,912 Wiza Springs
Sara Ebert,94520 Wilkinson Turnpike
Thelma Mohr,7929 Schmidt Centers
Nellie Fahey,2742 Kuphal Parkway
Lora Pagac Sr.,97219 Oscar Mountains
Mrs. Lindsay Dibbert,09595 Hintz Via
Myron Collier,92629 VonRueden Estates
Moses Fay,25629 Gladyce Spring
Mrs. Arthur Welch,1159 Zieme Neck
Mrs. Dexter Roberts,068 Welch Mountains
Kathryn Shields,2826 Wunsch Rapids
Mrs. Beulah Wyman,35068 Bechtelar Estate
Mr. Maureen Yost,645 Fay Crossing
Joseph Strosin,263 Ondricka Extension
Mrs. Jasmine Jast,80063 Torphy Pine
Marshall Kirlin,483 King Garden
Kim Daugherty,8717 Dwight Forest
Pat Flatley,55570 Garret Mews
Kimberly Mosciski,4125 Thelma Flats
Archie Swaniawski,14959 Durgan Squares
Kathryn Zboncak,3461 Prince Streets
Clay Hickle,85478 Tiffany Square
Andres Kohler,5351 Karolann Stravenue
Cary Runolfsson,12320 Collier Spur
Darrin Ward,535 Blanda Wall
Francis O'Conner,55052 Geovanni Village
Catherine Heathcote,8250 Haag Village
Guadalupe Parker,3190 Elenora Passage
Kerry Streich,61103 Vivianne Views
Shelly Breitenberg,76418 Giuseppe Park
Jean White,4030 Beatrice Roads
Muriel Carter,436 O'Hara Avenue
Melinda Shanahan I,26327 Mertz Street
Ellis Williamson,733 Juana Isle
Wendell Bogisich,647 Ignacio Place
Darren Kuhn,97024 Lily Drive
Mike Homenick,8580 Hills Ports
Jeffrey Stanton I,810 Johnson Burg
Eduardo Hammes,062 Joesph Field
Tara Hyatt,0631 Art Drives
Albert Stoltenberg,902 Cummerata Trace
Miss Victor Rau,4236 Vidal Rest
Geraldine Grant,306 Tiana Crescent
Mamie Nienow,379 Oswaldo Divide
Dwight Koch,9501 Kirsten Cove
Mrs. Brooke Torphy,46674 Sarah Divide
Claude Hessel,9254 Yost Dam
Francis Graham,795 Crist Bridge
Debra Lowe,15527 Lily Rapids
Jesse Hand,3706 Bednar Walk
Tamara Osinski,32747 Crist Village
Pablo Turcotte,7727 Leannon Shore
Arthur Bins,1717 Lubowitz Inlet
Jaime Braun,976 Corkery Street
Jan Schulist,105 Steuber Corner
Sylvester Carter,8075 Anjali Drive
Taylor Bogisich,2717 Delaney Coves
Reginald Schmidt,804 Lionel Greens
Olive Larkin,6155 Rossie Isle
Byron Rogahn,5745 Nathaniel Crest
Arthur Skiles,7470 Tommie Orchard
Katie Terry V,2042 Kemmer Trail
Betsy Howell III,42680 Hartmann Drives
Matthew Heaney PhD,0601 Torphy Streets
Rudy Tremblay,21541 Loren Underpass
Gwen Schuster,2770 Murazik Ville
Amelia Stamm PhD,433 Rippin Prairie
Tammy DuBuque,05455 Mosciski Rapid
Ms. Cary Turcotte,7385 Westley Crossing
Brandon Stehr,7873 Carter Plains
Elias Vandervort,24364 Labadie Plaza
Guadalupe Kuhlman,69480 Darlene Squares
Kristin Schoen,761 Kuphal Islands
Manuel Hane,64054 John Junctions
Mable Thompson III,8783 Schneider Forges
Mr. Casey McKenzie,03379 Malcolm Alley
Ms. Hattie Tromp,84157 Darby Ports
Carla Lehner,8736 Hester Square
Lucia DuBuque,36112 Deon Lock
Dixie Breitenberg,73561 Hilton Gardens
Francis Cummerata,0034 Madeline Knoll
Kirk Ruecker,592 Jacobi Tunnel
Earl Kihn,460 Chaya Valley
James Langworth,58941 Georgette Gardens
Kent Klein,973 Dorothea Plaza
Dean Keeling,16930 Gottlieb Fork
Lucia Grant,899 Jamar Creek
Marc Witting,49765 Romaguera Streets
Angelina Reilly,9768 Dylan Isle
Walter Aufderhar,892 Kutch Ways
Ben Kiehn,73439 Durgan Crossing
Brandi Hauck I,3808 Aaliyah Island
Mr. Wm Greenfelder,127 Nat Field
Tracey Hamill,16503 Marks Underpass
Danielle Hudson,812 Effertz Oval
Dr. Emanuel Gleason,840 Reilly Squares
Darlene Doyle,236 Morissette Valley
Johnnie Price,59280 Bahringer Shore
Agnes Nikolaus Jr.,5815 Pouros Knolls
Miss Joanne Farrell,32538 Chad Mountains
Rick Marquardt,434 Zboncak Corner
Julius Kautzer,37198 Brown Point
Billy Cartwright II,9477 Marguerite Dale
Pedro Parisian,02088 Chloe Curve
Abel Pfeffer,62937 Green Hollow
Ken Hand,9435 Lang Oval
Dolores Thompson,69419 Funk Ridges
Mrs. Santiago Becker,9255 Pouros Brooks
Jimmie Wiza Jr.,79226 Marques Canyon
Robert Waelchi,37416 Bradly Hill
Ian Little,1208 Lucy Tunnel
Domingo Veum DDS,16022 Bernadette Underpass
Tracey Medhurst Jr.,83539 Mosciski Alley
Miss Patti Predovic,9206 Mikel Fords
Rex Prohaska,196 McCullough Unions
Joey Marvin,070 Ferry Causeway
Duane Davis,945 Kaelyn Garden
Alonzo Emmerich,5744 Cleo Plain
Miss Sean Lesch,675 Gaylord Plaza
Nichole Leffler,36690 Block Freeway
Russell Kutch,068 Kim River
